ID,VALUE,NAME
60, 2.0,""Access the blockchain with Keycard""
53, 1.0,""The permaweb""
55, 1.0,""Impact of Blockchain to Money and Business""
1, 1.0,""Battle the Scalability Trilemna Genie""
13, 1.0,""Journey to ETH 2.0""
0,0,"ğŸ˜­ğŸ˜­otherwise brokenğŸ˜­ğŸ˜­"
62, 15.0,""Migrate or Dai""
65,0,"ğŸ˜­ğŸ˜­otherwise brokenğŸ˜­ğŸ˜­"
20, 1.0,""Smart Contract Wiz""
4, 1.0,""Fight for Open Source Sustainability""
56, 1.0,""The Fellowship of the Ethereum Magicians""
57, 1.0,""Ethereum Meme-Quest""
54, 2.0,""Junior EIP Technician""
8,0,"ğŸ˜­ğŸ˜­otherwise brokenğŸ˜­ğŸ˜­"
19, 1.0,""Zcash Battle""
11, 1.0,""A Requiem for P2P Exchange ""
21, 1.0,""Smart Contract Wiz""
7, 1.0,""OpSec Challenge""
17, 1.0,""Decisions Discussions Decentralized Design Dungeons""
66, 10.0,""Much Cooler Dai""
5, 1.0,""Battle BotToshi""
70, 1.0,""Ricardian Contracts""
9, 3.0,""Interdict the IPFS Invader""
15, 5.0,""Come to Consensus""
58, 5.0,""The Epic Battle Against SIM Swapping""
6, 1.0,""Ethereum Whitepaper 101""
61, 3.0,""Week in Etherland - Nov 3rd"
18, 1.0,""Metamask Dev Quiz""
22, 1.0,""AZTEC Protocol God""
74, 3.0,""Learn about Keycard""
59, 20.0,""Upgrade or Dai""
12, 1.0,""A Requiem for P2P Exchange""
67, 2.0,""Ziggurat of the AZTECs""
106,0,"ğŸ˜­ğŸ˜­otherwise brokenğŸ˜­ğŸ˜­"
75, 1.0,""A Stellar Intro""
72, 2.0,""One Seed to Find them""
93,0,"ğŸ˜­ğŸ˜­otherwise brokenğŸ˜­ğŸ˜­"
115,0,"ğŸ˜­ğŸ˜­otherwise brokenğŸ˜­ğŸ˜­"
10, 1.0,""Journey to IPFS""
27, 1.0,""MolochDAO 101""
96,0,"ğŸ˜­ğŸ˜­otherwise brokenğŸ˜­ğŸ˜­"
99,0,"ğŸ˜­ğŸ˜­otherwise brokenğŸ˜­ğŸ˜­"
113,0,"ğŸ˜­ğŸ˜­otherwise brokenğŸ˜­ğŸ˜­"
116,0,"ğŸ˜­ğŸ˜­otherwise brokenğŸ˜­ğŸ˜­"
2, 1.0,""Pitch your Ethereum Killer to the VC-Bro""
63, 1.0,""MarketingDAO 101""
119,0,"ğŸ˜­ğŸ˜­otherwise brokenğŸ˜­ğŸ˜­"
71, 1.0,""500 Nigeria Developers For Ethereum""
76, 4.0,""UNISWAP - A liquidity provider perspective""
82, 5.0,""Consensus Algorithms""
92, 1.0,""Liberal Radicalism""
14, 1.0,""Merkle Patricia trees and the Blockchain""
64, 2.0,""Save your Public Key from Obscurity with ENS""
73, 3.0,""UNISWAP - A cost efficient ERC20 token swapping""
84, 1.0,""How MakerDAO and Dai works""
94,0,"ğŸ˜­ğŸ˜­otherwise brokenğŸ˜­ğŸ˜­"
101,0,"ğŸ˜­ğŸ˜­otherwise brokenğŸ˜­ğŸ˜­"
77, 2.0,""Crypto Payment App""
110,0,"ğŸ˜­ğŸ˜­otherwise brokenğŸ˜­ğŸ˜­"
197,0,"ğŸ˜­ğŸ˜­otherwise brokenğŸ˜­ğŸ˜­"
199,0,"ğŸ˜­ğŸ˜­otherwise brokenğŸ˜­ğŸ˜­"
79, 2.0,""Unlocking the Enigma of Privacy - Ep. 1""
100,0,"ğŸ˜­ğŸ˜­otherwise brokenğŸ˜­ğŸ˜­"
198,0,"ğŸ˜­ğŸ˜­otherwise brokenğŸ˜­ğŸ˜­"
109,0,"ğŸ˜­ğŸ˜­otherwise brokenğŸ˜­ğŸ˜­"
112,0,"ğŸ˜­ğŸ˜­otherwise brokenğŸ˜­ğŸ˜­"
95,0,"ğŸ˜­ğŸ˜­otherwise brokenğŸ˜­ğŸ˜­"
80, 1.0,""Analyzing Uniswap""
104,0,"ğŸ˜­ğŸ˜­otherwise brokenğŸ˜­ğŸ˜­"
68, 2.0,""Cindicator Analyst""
108,0,"ğŸ˜­ğŸ˜­otherwise brokenğŸ˜­ğŸ˜­"
85, 3.0,""Kyber Swapper""
118,0,"ğŸ˜­ğŸ˜­otherwise brokenğŸ˜­ğŸ˜­"
102,0,"ğŸ˜­ğŸ˜­otherwise brokenğŸ˜­ğŸ˜­"
195,0,"ğŸ˜­ğŸ˜­otherwise brokenğŸ˜­ğŸ˜­"
123,0,"ğŸ˜­ğŸ˜­otherwise brokenğŸ˜­ğŸ˜­"
103,0,"ğŸ˜­ğŸ˜­otherwise brokenğŸ˜­ğŸ˜­"
83, 1.0,""How MakerDAO and Dai works""
86, 5.0,""Week in Etherland - Dec 28"
98,0,"ğŸ˜­ğŸ˜­otherwise brokenğŸ˜­ğŸ˜­"
107,0,"ğŸ˜­ğŸ˜­otherwise brokenğŸ˜­ğŸ˜­"
87, 5.0,""Week in Etherland - Jan 5th"
196,0,"ğŸ˜­ğŸ˜­otherwise brokenğŸ˜­ğŸ˜­"
97,0,"ğŸ˜­ğŸ˜­otherwise brokenğŸ˜­ğŸ˜­"
120,0,"ğŸ˜­ğŸ˜­otherwise brokenğŸ˜­ğŸ˜­"
114,0,"ğŸ˜­ğŸ˜­otherwise brokenğŸ˜­ğŸ˜­"
117,0,"ğŸ˜­ğŸ˜­otherwise brokenğŸ˜­ğŸ˜­"
121,0,"ğŸ˜­ğŸ˜­otherwise brokenğŸ˜­ğŸ˜­"
194,0,"ğŸ˜­ğŸ˜­otherwise brokenğŸ˜­ğŸ˜­"
111,0,"ğŸ˜­ğŸ˜­otherwise brokenğŸ˜­ğŸ˜­"
192,0,"ğŸ˜­ğŸ˜­otherwise brokenğŸ˜­ğŸ˜­"
124,0,"ğŸ˜­ğŸ˜­otherwise brokenğŸ˜­ğŸ˜­"
122,0,"ğŸ˜­ğŸ˜­otherwise brokenğŸ˜­ğŸ˜­"
81, 5.0,""PlusToken Ponzi Scheme - Scam""
105,0,"ğŸ˜­ğŸ˜­otherwise brokenğŸ˜­ğŸ˜­"
187,0,"ğŸ˜­ğŸ˜­otherwise brokenğŸ˜­ğŸ˜­"
193,0,"ğŸ˜­ğŸ˜­otherwise brokenğŸ˜­ğŸ˜­"
185,0,"ğŸ˜­ğŸ˜­otherwise brokenğŸ˜­ğŸ˜­"
189,0,"ğŸ˜­ğŸ˜­otherwise brokenğŸ˜­ğŸ˜­"
191,0,"ğŸ˜­ğŸ˜­otherwise brokenğŸ˜­ğŸ˜­"
188,0,"ğŸ˜­ğŸ˜­otherwise brokenğŸ˜­ğŸ˜­"
133,0,"ğŸ˜­ğŸ˜­otherwise brokenğŸ˜­ğŸ˜­"
180,0,"ğŸ˜­ğŸ˜­otherwise brokenğŸ˜­ğŸ˜­"
183,0,"ğŸ˜­ğŸ˜­otherwise brokenğŸ˜­ğŸ˜­"
186,0,"ğŸ˜­ğŸ˜­otherwise brokenğŸ˜­ğŸ˜­"
181,0,"ğŸ˜­ğŸ˜­otherwise brokenğŸ˜­ğŸ˜­"
190,0,"ğŸ˜­ğŸ˜­otherwise brokenğŸ˜­ğŸ˜­"
164,0,"ğŸ˜­ğŸ˜­otherwise brokenğŸ˜­ğŸ˜­"
127,0,"ğŸ˜­ğŸ˜­otherwise brokenğŸ˜­ğŸ˜­"
172,0,"ğŸ˜­ğŸ˜­otherwise brokenğŸ˜­ğŸ˜­"
138,0,"ğŸ˜­ğŸ˜­otherwise brokenğŸ˜­ğŸ˜­"
182,0,"ğŸ˜­ğŸ˜­otherwise brokenğŸ˜­ğŸ˜­"
140,0,"ğŸ˜­ğŸ˜­otherwise brokenğŸ˜­ğŸ˜­"
141,0,"ğŸ˜­ğŸ˜­otherwise brokenğŸ˜­ğŸ˜­"
130,0,"ğŸ˜­ğŸ˜­otherwise brokenğŸ˜­ğŸ˜­"
176,0,"ğŸ˜­ğŸ˜­otherwise brokenğŸ˜­ğŸ˜­"
131,0,"ğŸ˜­ğŸ˜­otherwise brokenğŸ˜­ğŸ˜­"
135,0,"ğŸ˜­ğŸ˜­otherwise brokenğŸ˜­ğŸ˜­"
177,0,"ğŸ˜­ğŸ˜­otherwise brokenğŸ˜­ğŸ˜­"
184,0,"ğŸ˜­ğŸ˜­otherwise brokenğŸ˜­ğŸ˜­"
170,0,"ğŸ˜­ğŸ˜­otherwise brokenğŸ˜­ğŸ˜­"
179,0,"ğŸ˜­ğŸ˜­otherwise brokenğŸ˜­ğŸ˜­"
171,0,"ğŸ˜­ğŸ˜­otherwise brokenğŸ˜­ğŸ˜­"
168,0,"ğŸ˜­ğŸ˜­otherwise brokenğŸ˜­ğŸ˜­"
166,0,"ğŸ˜­ğŸ˜­otherwise brokenğŸ˜­ğŸ˜­"
139,0,"ğŸ˜­ğŸ˜­otherwise brokenğŸ˜­ğŸ˜­"
129,0,"ğŸ˜­ğŸ˜­otherwise brokenğŸ˜­ğŸ˜­"
174,0,"ğŸ˜­ğŸ˜­otherwise brokenğŸ˜­ğŸ˜­"
159,0,"ğŸ˜­ğŸ˜­otherwise brokenğŸ˜­ğŸ˜­"
126,0,"ğŸ˜­ğŸ˜­otherwise brokenğŸ˜­ğŸ˜­"
175,0,"ğŸ˜­ğŸ˜­otherwise brokenğŸ˜­ğŸ˜­"
125,0,"ğŸ˜­ğŸ˜­otherwise brokenğŸ˜­ğŸ˜­"
160,0,"ğŸ˜­ğŸ˜­otherwise brokenğŸ˜­ğŸ˜­"
136,0,"ğŸ˜­ğŸ˜­otherwise brokenğŸ˜­ğŸ˜­"
165,0,"ğŸ˜­ğŸ˜­otherwise brokenğŸ˜­ğŸ˜­"
152,0,"ğŸ˜­ğŸ˜­otherwise brokenğŸ˜­ğŸ˜­"
134,0,"ğŸ˜­ğŸ˜­otherwise brokenğŸ˜­ğŸ˜­"
162,0,"ğŸ˜­ğŸ˜­otherwise brokenğŸ˜­ğŸ˜­"
150,0,"ğŸ˜­ğŸ˜­otherwise brokenğŸ˜­ğŸ˜­"
157,0,"ğŸ˜­ğŸ˜­otherwise brokenğŸ˜­ğŸ˜­"
151,0,"ğŸ˜­ğŸ˜­otherwise brokenğŸ˜­ğŸ˜­"
41, 1.0,""TCR Ninja""
28, 1.0,""Cellarius Universe Guide""
52,0,"ğŸ˜­ğŸ˜­locked pageğŸ˜­ğŸ˜­"
128,0,"ğŸ˜­ğŸ˜­otherwise brokenğŸ˜­ğŸ˜­"
142,0,"ğŸ˜­ğŸ˜­otherwise brokenğŸ˜­ğŸ˜­"
137,0,"ğŸ˜­ğŸ˜­otherwise brokenğŸ˜­ğŸ˜­"
156,0,"ğŸ˜­ğŸ˜­otherwise brokenğŸ˜­ğŸ˜­"
161,0,"ğŸ˜­ğŸ˜­otherwise brokenğŸ˜­ğŸ˜­"
169,0,"ğŸ˜­ğŸ˜­otherwise brokenğŸ˜­ğŸ˜­"
143,0,"ğŸ˜­ğŸ˜­otherwise brokenğŸ˜­ğŸ˜­"
34, 1.0,""IPFS Newbie""
147,0,"ğŸ˜­ğŸ˜­otherwise brokenğŸ˜­ğŸ˜­"
178,0,"ğŸ˜­ğŸ˜­otherwise brokenğŸ˜­ğŸ˜­"
167,0,"ğŸ˜­ğŸ˜­otherwise brokenğŸ˜­ğŸ˜­"
26, 1.0,""Meditations on Moloch""
173,0,"ğŸ˜­ğŸ˜­otherwise brokenğŸ˜­ğŸ˜­"
153,0,"ğŸ˜­ğŸ˜­otherwise brokenğŸ˜­ğŸ˜­"
132,0,"ğŸ˜­ğŸ˜­otherwise brokenğŸ˜­ğŸ˜­"
32, 1.0,""Gitcoin and StandardBounties 101""
45,0,"ğŸ˜­ğŸ˜­otherwise brokenğŸ˜­ğŸ˜­"
49, 1.0,""Smart Contract Best Practices""
50, 1.0,""Smart Contract Best Practices""
155,0,"ğŸ˜­ğŸ˜­otherwise brokenğŸ˜­ğŸ˜­"
154,0,"ğŸ˜­ğŸ˜­otherwise brokenğŸ˜­ğŸ˜­"
36, 1.0,""IPFS Magician""
44, 1.0,""Tomorrow Maker DAIs""
31,0,"ğŸ˜­ğŸ˜­otherwise brokenğŸ˜­ğŸ˜­"
43, 1.0,""Gitcoin Quests 101""
158,0,"ğŸ˜­ğŸ˜­otherwise brokenğŸ˜­ğŸ˜­"
40, 1.0,""Gitcoin Quests 101""
35, 1.0,""IPFS Magician""
42, 1.0,""MetaCartel Lore""
48, 1.0,""Smart Contract Best Practices""
149,0,"ğŸ˜­ğŸ˜­otherwise brokenğŸ˜­ğŸ˜­"
145,0,"ğŸ˜­ğŸ˜­otherwise brokenğŸ˜­ğŸ˜­"
24, 1.0,""Augur master predictor""
39, 1.0,""Gitcoin Quests 101""
38, 1.0,""IPFS Magician""
163,0,"ğŸ˜­ğŸ˜­otherwise brokenğŸ˜­ğŸ˜­"
148,0,"ğŸ˜­ğŸ˜­otherwise brokenğŸ˜­ğŸ˜­"
146,0,"ğŸ˜­ğŸ˜­otherwise brokenğŸ˜­ğŸ˜­"
3, 1.0,""Battle the DeFi Edgelord""
16,0,"ğŸ˜­ğŸ˜­locked pageğŸ˜­ğŸ˜­"
30,0,"ğŸ˜­ğŸ˜­otherwise brokenğŸ˜­ğŸ˜­"
91,0,"ğŸ˜­ğŸ˜­locked pageğŸ˜­ğŸ˜­"
89,0,"ğŸ˜­ğŸ˜­locked pageğŸ˜­ğŸ˜­"
144,0,"ğŸ˜­ğŸ˜­otherwise brokenğŸ˜­ğŸ˜­"
78,0,"ğŸ˜­ğŸ˜­locked pageğŸ˜­ğŸ˜­"
51, 1.0,""Status Principles""
37, 1.0,""IPFS Guru""
25, 1.0,""Development Tools on Ethereum""
29, 1.0,""Fear the OpenZeppelin Security""
23, 1.0,""AZTEC Protocol God""
46, 2.0,""Leap onto Plasma with LeapDAO mainnet""
47, 1.0,""Smart Contract Best Practices""
90,0,"ğŸ˜­ğŸ˜­locked pageğŸ˜­ğŸ˜­"
88,0,"ğŸ˜­ğŸ˜­locked pageğŸ˜­ğŸ˜­"
69,0,"ğŸ˜­ğŸ˜­locked pageğŸ˜­ğŸ˜­"
33,0,"ğŸ˜­ğŸ˜­locked pageğŸ˜­ğŸ˜­"
